{
  "images" : [
    { "idiom" : "mac", "size" : "16x16", "scale" : "1x", "filename" : "icon_16.png" },
    { "idiom" : "mac", "size" : "16x16", "scale" : "2x", "filename" : "icon_32.png" },
    { "idiom" : "mac", "size" : "32x32", "scale" : "1x", "filename" : "icon_32.png" },
    { "idiom" : "mac", "size" : "32x32", "scale" : "2x", "filename" : "icon_64.png" },
    { "idiom" : "mac", "size" : "128x128", "scale" : "1x", "filename" : "icon_128.png" },
    { "idiom" : "mac", "size" : "128x128", "scale" : "2x", "filename" : "icon_256.png" },
    { "idiom" : "mac", "size" : "256x256", "scale" : "1x", "filename" : "icon_256.png" },
    { "idiom" : "mac", "size" : "256x256", "scale" : "2x", "filename" : "icon_512.png" },
    { "idiom" : "mac", "size" : "512x512", "scale" : "1x", "filename" : "icon_512.png" },
    { "idiom" : "mac", "size" : "512x512", "scale" : "2x", "filename" : "icon_1024.png" }
  ],
  "info" : { "version" : 1, "author" : "xcode" }
}
